embassy,site,title,link,snippet
China Consulate to Egypt in Portsaid,facebook.com,"China has provided a batch of cash... - People's Daily, China",https://www.facebook.com/story.php/?story_fbid=867091775462115&id=100064839002599,"Chinese aid of rice will arrive at Egypt's Port Said on March 28 and then be transported to the Strip through the Rafah crossing, according to the embassy."
China Consulate to Egypt in Portsaid,instagram.com,ŸÜŸéÿØŸâŸ∞ ÿπŸêÿµÿßŸÖ | Nada Essam | About Sino-Egyptian cultural ...,https://www.instagram.com/nadaessam11/p/Cl9i290MW7b/?locale=my&hl=en,ŸÜŸéÿØŸâŸ∞ ÿπŸêÿµÿßŸÖ | Nada Essam | About Sino-Egyptian cultural interaction with Chinese Embassy ... Photo by ŸÜŸéÿØŸâŸ∞ ÿπŸêÿµÿßŸÖ | Nada Essam in Portsaid.
China Consulate to Egypt in Portsaid,facebook.com,CGTN - China's Ambassador of the Ministry of Foreign ...,https://www.facebook.com/photo.php?fbid=1065660134927458&id=100044504436603&set=a.398442271649251&locale=hy_AM,"... said. China has also sent rice for Palestine, which will arrive in Port Said, Egypt on March 28. The Chinese rice will be shipped to Gaza through the Rafah ..."
China Consulate to Egypt in Portsaid,instagram.com,Egypt Today | Prime Minister Mostafa Madbouly witnessed ...,https://www.instagram.com/p/C_lUGBtI1GJ/?locale=de&hl=cs,Prime Minister Mostafa Madbouly witnessed on Friday the signing of five memoranda of understanding (MoUs) with Chinese companies to enhance ...
China Consulate to Egypt in Portsaid,instagram.com,Instagram,https://www.instagram.com/p/CzaFRCOxCYa/,"Applications close on June 2, and the selection process will be in June-July. We generally seek candidates in the following language ..."
China Consulate to Egypt in Portsaid,instagram.com,Singapore Embassy in Cairo (@sg.embassy.cairo),https://www.instagram.com/sg.embassy.cairo/,"Welcome to the official Instagram account of the Singapore Embassy in Cairo, Egypt! 40 Adnan Omar Sedky Street, Cairo, Egypt. www.mfa.gov.sg/cairo."
China Consulate to Egypt in Portsaid,instagram.com,People's Daily | #China has provided a batch of cash assistance ...,https://www.instagram.com/peoples_daily/p/C4wfj4vsqx5/,"Chinese aid of rice will arrive at Egypt's Port Said on March 28 and then be transported to the Strip through the Rafah crossing, according to the embassy. more."
China Consulate to Egypt in Portsaid,instagram.com,SceneBuzz: PORT SAID IS BUILDING A MALL THAT'S ALL ...,https://www.instagram.com/cairoscene/p/CQgkUMDtWGb/,"Port Said is building a mall dedicated entirely to thrifting - the first of its kind in Egypt. Set to house 514 shops for second-hand clothing, ..."
China Consulate to Cambodia in Siemreap,facebook.com,Chinese Embassy in Cambodia-‰∏≠Âçé‰∫∫Ê∞ëÂÖ±ÂíåÂõΩÈ©ªÊü¨ÂüîÂØ® ...,https://www.facebook.com/ChineseEmbassyCambodia/,"Chinese Embassy in Cambodia-‰∏≠Âçé‰∫∫Ê∞ëÂÖ±ÂíåÂõΩÈ©ªÊü¨ÂüîÂØ®ÁéãÂõΩÂ§ß‰ΩøÈ¶Ü, ·ûö·û∂·ûá·ûí·û∂·ûì·û∏‚Äã·ûó·üí·ûì·üÜ·ûñ·üÅ·ûâ. 71641 likes ¬∑ 279 talking about this ¬∑ 19778 were here. Consulate & Embassy."
China Consulate to Cambodia in Siemreap,facebook.com,Khmer Times's post,https://www.facebook.com/100070797681384/posts/563539929349258/,"'Beautiful Cambodia, Beautiful China' photo exhibition kicks off in Siem Reap - Khmer Times. The China International Communications Group (CI..."
China Consulate to Cambodia in Siemreap,facebook.com,‚Äè‚ÄéWang Wenbin Chinese Ambassador to the Kingdom of ...,https://www.facebook.com/photo.php?fbid=873932061213776&set=a.395332999073687&type=3&locale=ps_AF,The foundation for China-EU relations is mutually beneficial cooperation. Politicizing economic and trade issues between China and the EU while slashing tariffs ...
China Consulate to Cambodia in Sihanoukville,facebook.com,Chinese Embassy in Cambodia-‰∏≠Âçé‰∫∫Ê∞ëÂÖ±ÂíåÂõΩÈ©ªÊü¨ÂüîÂØ® ...,https://www.facebook.com/ChineseEmbassyCambodia/?locale=lv_LV,"Chinese Embassy in Cambodia-‰∏≠Âçé‰∫∫Ê∞ëÂÖ±ÂíåÂõΩÈ©ªÊü¨ÂüîÂØ®ÁéãÂõΩÂ§ß‰ΩøÈ¶Ü, ·ûö·û∂·ûá·ûí·û∂·ûì·û∏‚Äã·ûó·üí·ûì·üÜ·ûñ·üÅ·ûâ. 71 697 cilvƒìkiem patƒ´k ¬∑ 302 runƒÅ par ≈°o ¬∑ ≈†eit ir biju≈°i 19 ..."
China Consulate to Cambodia in Sihanoukville,facebook.com,China will open a consulate in... - Beautiful Shandong,https://www.facebook.com/ShandongprovinceChina/posts/china-will-open-a-consulate-in-sihanoukville-while-cambodia-will-set-up-a-consul/1569141476582285/,"China will open a consulate in Sihanoukville, while Cambodia will set up a consulate general in Jinan, the capital city of #Shandong ..."
China Consulate to Cambodia in Sihanoukville,facebook.com,Connecting the Cambodian capital of Phnom Penh to the ...,https://www.facebook.com/ChineseEmbassyCambodia/videos/connecting-the-cambodian-capital-of-phnom-penh-to-the-international-deep-sea-por/1071877020168512/,"Connecting the Cambodian capital of Phnom Penh to the international deep-sea port province of Preah Sihanouk, the Chinese-invested Phnom..."
China Consulate to Cambodia in Sihanoukville,facebook.com,Chinese Embassy in Cambodia-‰∏≠Âçé‰∫∫Ê∞ëÂÖ±ÂíåÂõΩÈ©ªÊü¨ÂüîÂØ® ...,https://www.facebook.com/ChineseEmbassyCambodia/?locale=en_GB,"Chinese Embassy in Cambodia ... China-Cambodia ... Sihanoukville co- hosted by Chinese and Cambodian organizations attracted around 1,400 participants."
China Consulate to Cambodia in Sihanoukville,facebook.com,"Khmer Times - Cambodia, China to open consulates in...",https://www.facebook.com/khmertimes/posts/cambodia-china-to-open-consulates-in-sihanoukville-and-jinan/3042061219353819/?locale=hi_IN,China will open a consulate in Sihanoukville while C... ·ûè·û∂ ·ûÅ·û∂·ûì·üã ‡§î‡§∞ 59 ‡§Ö‡§®‡•ç‡§Ø ‡§≤‡•ã‡§ó.
China Consulate to Cambodia in Sihanoukville,facebook.com,"Khmer Times - Cambodia, China to open consulates in...",https://www.facebook.com/khmertimes/posts/cambodia-china-to-open-consulates-in-sihanoukville-and-jinan/3042061219353819/,China will open a consulate in Sihanoukville while C... ·ûè·û∂ ·ûÅ·û∂·ûì·üã and 59 others.
China Consulate to Cambodia in Sihanoukville,facebook.com,Two Chinese warships have docked at a commercial port in ...,https://www.facebook.com/Canal.Macau/videos/two-chinese-warships-have-docked-at-a-commercial-port-in-cambodia-ahead-of-joint/1013584690193968/,... Cambodia ahead of joint naval exercises between the two countries. China's ambassador to Cambodia told reporters in Sihanoukville that the ...
China Consulate to Cambodia in Sihanoukville,youtube.com,Chinese Ambassador to Cambodia Confirms China Has No ...,https://www.youtube.com/watch?v=wV-WehsBEzI,"... SIHANOUKVILLE: The Chinese Ambassador to Cambodia, Wang Wentian, has said that China has its own traditions and culture and does not want to ..."
China Consulategeneral to Australia in Adelaide,facebook.com,Consulate-General of China in Adelaide,https://www.facebook.com/cgcadelaide/,"Li Dong, the Consul-General of the People's Republic of China in Adelaide,together with The Premier of South Australia, Mr. Peter Malinauskas, jointly ..."
China Consulategeneral to Australia in Adelaide,facebook.com,Consulate-General of China in Adelaide,https://www.facebook.com/cgcadelaide/?locale=eo_EO,"The ceremony of the 2024 ""Chinese Film Week"" in Australia was held on the 19th in Adelaide, South Australia. During this film week, 8 Chinese films, ..."
China Consulategeneral to Australia in Adelaide,facebook.com,Consulate-General of China in Adelaide,https://www.facebook.com/cgcadelaide/?locale=zh_CN,"Li Dong, the Consul-General of the People's Republic of China in Adelaide,together with The Premier of South Australia, Mr. Peter Malinauskas, jointly ..."
China Consulategeneral to Australia in Adelaide,youtube.com,Heavily fortified Chinese Consulate opens in small Australian ...,https://www.youtube.com/watch?v=fSJVYcFm7k4,Locals living near a newly opened Chinese Consulate in suburban Adelaide are concerned how the highly secure fortress will change their ...
China Consulategeneral to Australia in Adelaide,youtube.com,New Chinese consulate in Adelaide opens with angry protest ...,https://www.youtube.com/watch?v=S4bvuRuMQvw,New Chinese consulate in Adelaide opens with angry protest | ABC News ¬∑ ABC News (Australia) ¬∑ Heavily fortified Chinese Consulate opens in small ...
China Consulategeneral to Australia in Adelaide,facebook.com,Consulate-General of China in Adelaide,https://www.facebook.com/cgcadelaide/?locale=ps_AF,"On the grasslands of Ulanqab, Inner Mongolia, stand the remnants of ancient volcanoes. From a distance, these volcanoes rise majestically, their silhouettes ..."
China Consulategeneral to Australia in Adelaide,tiktok.com,"On October 1st, the Chinese Consulate General in Adelaide ...",https://www.tiktok.com/@speakchinesewithshelby/video/7421405885693463816,"On October 1st, the Chinese Consulate General in Adelaide, in collaboration with the South Australian Government, hosted a reception to ..."
China Consulategeneral to Australia in Adelaide,facebook.com,Consulate-General of China in Adelaide's post,https://www.facebook.com/story.php/?story_fbid=824971439685214&id=61550572577103,Chairman of the Board of Governors of the AmCham China: US business community need come to China themselves to better understand China.
China Consulategeneral to Australia in Adelaide,x.com,Chinese Consulate General in Sydney,https://x.com/ChinaConSydney/status/1802272151581429883,Premier Li Qiang said on Sunday that China will loan a new pair of giant pandas to #Australia to continue with the cooperative research on ...
China Consulategeneral to Yemen in Aden,facebook.com,"U.S. Consulate General, Amsterdam",https://www.facebook.com/USConGenAmsterdam/photos/today-our-acting-deputy-chief-of-mission-joined-city-community-leaders-at-a-reme/362034459286181/,"Today, our Acting Deputy Chief of Mission joined city & community leaders at a Remembrance Day ceremony at the Nieuwe Ooster Cemetery in ..."
China Consulategeneral to Yemen in Aden,facebook.com,Khaosod English - Medium-range ballistic missile fired...,https://www.facebook.com/KhaosodEnglish/posts/medium-range-ballistic-missile-fired-into-parade/2622206251131624/,"ADEN, Yemen ‚Äî A rebel missile struck a military par... Willie ... They safely returned to the Chinese Consulate-General on Saturday afternoon."
China Consulategeneral to Yemen in Aden,facebook.com,Akothee - Back to my hustle with captain Donaldson ...,https://www.facebook.com/photo.php?fbid=2143976989003243&id=630307880370169&set=a.631565126911111&locale=sl_SI,How The Brand Ambassador of Uganda Tourism Madam Esther Akoth Kokeyo HRP arrived at the Magical Kenya Expo. Uganda and kenya are excited to join forces in ...
China Consulategeneral to Yemen in Aden,facebook.com,On this day 25 years ago Freddie Mercury left us - ...,https://www.facebook.com/RussianEmbassy/photos/on-this-day-25-years-ago-freddie-mercury-left-us-loved-and-remembered-by-million/1348252818541868/,"‚ùóÔ∏è The tragic and unacceptable developments in the Arab-Israeli conflict, in Yemen, in the waters of the Red Sea and the Gulf of Aden, in ..."
China Consulategeneral to Yemen in Aden,facebook.com,Russian Embassy in London,https://www.facebook.com/RussianEmbassy/?locale=ko_KR,"‚ùóÔ∏è The tragic and unacceptable developments in the Arab-Israeli conflict, in Yemen, in the waters of the Red Sea and the Gulf of Aden, in Sudan and in ..."
China Consulategeneral to Yemen in Aden,facebook.com,"MGA PINOY SA CHINA, I-REPATRIATE SA... - Aksyon Radyo Iloilo",https://www.facebook.com/aksyonradyoiloilo720/posts/mga-pinoy-sa-china-i-repatriate-sa-masunod-nga-semana-sa-tunga-sang-coronavirus-/2404197049874565/?locale=af_ZA,"MGA PINOY SA CHINA, I-REPATRIATE SA MASUNOD NGA SEMANA SA TUNGA SANG CORONAVIRUS OUTBREAK By: May Ortega l January 31, 2020, 10:22am via CNN Philippines"
China Consulategeneral to Kazakhstan in Aktobe,facebook.com,Invest Kazakhstan - –®–∞–Ω—Ö–∞–π–¥–∞ “ö–∞–∑–∞“õ—Å—Ç–∞–Ω-“ö—ã—Ç–∞–π...,https://www.facebook.com/KAZAKHINVEST/posts/%D1%88%D0%B0%D0%BD%D1%85%D0%B0%D0%B9%D0%B4%D0%B0-%D2%9B%D0%B0%D0%B7%D0%B0%D2%9B%D1%81%D1%82%D0%B0%D0%BD-%D2%9B%D1%8B%D1%82%D0%B0%D0%B9-%D0%B8%D0%BD%D0%B2%D0%B5%D1%81%D1%82%D0%B8%D1%86%D0%B8%D1%8F%D0%BB%D1%8B%D2%9B-%D1%81%D0%B5%D0%BC%D0%B8%D0%BD%D0%B0%D1%80%D1%8B-%D3%A9%D1%82%D1%82%D1%96%D2%9B%D0%B0%D0%B7%D0%B0%D2%9B%D1%81%D1%82%D0%B0%D0%BD-%D0%BC%D0%B5%D0%BD-%D2%9B%D1%8B%D1%82%D0%B0%D0%B9-%D0%B0%D1%80%D0%B0%D1%81%D1%8B%D0%BD%D0%B4%D0%B0/1964639277008630/,"–®–∞–Ω—Ö–∞–π –ø—Ä–æ–≤–µ–¥–µ–Ω –ö–∞–∑–∞—Ö—Å—Ç–∞–Ω—Å–∫–æ-–∫–∏—Ç–∞–π—Å–∫–∏–π –∏–Ω–≤–µ—Å—Ç–∏—Ü–∏–æ–Ω–Ω—ã–π —Å–µ–º–∏–Ω–∞—Ä, –≤ —Ä–∞–±–æ—Ç–µ –∫–æ—Ç–æ—Ä–æ–≥–æ –ø—Ä–∏–Ω—è–ª–∏ —É—á–∞—Å—Ç–∏–µ –ø—Ä–µ–¥—Å—Ç–∞–≤–∏—Ç–µ–ª–∏ –±–æ–ª–µ–µ 20 –∫–∏—Ç–∞–π—Å–∫–∏—Ö –æ—Ä–≥–∞–Ω–∏–∑–∞—Ü–∏–π –∏ –∫–æ–º–ø–∞–Ω–∏–π."
China Consulategeneral to Kazakhstan in Aktobe,instagram.com,saya kurmanalinaÔºà@saya.krmÔºâ‚Ä¢ Instagram Áõ∏ÁâáËàáÂΩ±Áâá,https://www.instagram.com/saya.krm/?locale=zh_tw&hl=ar,1315 ‰ΩçÁ≤âÁµ≤„ÄÅ 1359 ‰∫∫ËøΩËπ§‰∏≠„ÄÅ 100 ÂâáË≤ºÊñá- Instagram ‰∏äÁöÑsaya kurmanalina (@saya.krm)Ôºö„Äå 19 | kazakhstan - hong kong | cityu'27 x3 national debate champion ...
China Consulategeneral to Egypt in Alexandria,facebook.com,‰∏≠ÂõΩÈ©ª‰∫öÂéÜÂ±±Â§ßÊÄªÈ¢ÜÈ¶Ü Chinese Consulate General in ...,https://www.facebook.com/ChinaConsulAlex/,"Abdelaziz Konsowa, President of Alexandria University, received Ambassador Yang Yi, Consul General of China in Alexandria, with the aim of discussing ways of ..."
China Consulategeneral to Egypt in Alexandria,facebook.com,‰∏≠ÂõΩÈ©ª‰∫öÂéÜÂ±±Â§ßÊÄªÈ¢ÜÈ¶Ü Chinese Consulate General in ...,https://www.facebook.com/photo.php?fbid=253516149705707&id=107924574264866&set=a.109323440791646,... Chinese Consulate General in Alexandria added a new photo ... Egypt Mostafa Madbouly in Beijing. https://english.news. cn/20240903 ...
China Consulategeneral to Egypt in Alexandria,facebook.com,‰∏≠ÂõΩÈ©ª‰∫öÂéÜÂ±±Â§ßÊÄªÈ¢ÜÈ¶Ü Chinese Consulate General in ...,https://www.facebook.com/ChinaConsulAlex/posts/531408939163571/,‰∏≠ÂõΩÈ©ª‰∫öÂéÜÂ±±Â§ßÊÄªÈ¢ÜÈ¶Ü Chinese Consulate General in Alexandria ... Egypt Mostafa Madbouly in Beijing. https://english.news. cn/20240903 ...
China Consulategeneral to Egypt in Alexandria,facebook.com,Egyptian Ministry of Foreign Affairs,https://www.facebook.com/MFAEgyptEnglish/?locale=ms_MY,"The Foreign Minister discussed the current priorities of Egypt's foreign policy, expressing confidence in the ability of Egypt's distinguished diplomats to ..."
China Consulategeneral to Egypt in Alexandria,instagram.com,CairoScene | #SceneBuzz: EGYPTIANS ARE REPORTED ...,https://www.instagram.com/cairoscene/p/C_csWvYImoV/,For more news from across Egypt and beyond head to www.scenenow.com (link in bio) or download the #SceneNOW app available on iOS and Android.
China Consulategeneral to Egypt in Alexandria,facebook.com,ÿ±ÿ≠ŸÑÿ© ŸÉŸàŸÜÿ∫ ŸÅŸà ŸÑÿ¥ÿßÿ® ŸÖÿµÿ±Ÿä A Kungfu trip of an Egyptian young ...,https://www.facebook.com/ChinaConsulAlex/videos/%D8%B1%D8%AD%D9%84%D8%A9-%D9%83%D9%88%D9%86%D8%BA-%D9%81%D9%88-%D9%84%D8%B4%D8%A7%D8%A8-%D9%85%D8%B5%D8%B1%D9%8Aa-kungfu-trip-of-an-egyptian-young-fellow/668248824200514/?locale=hi_IN,‰∏≠ÂõΩÈ©ª‰∫öÂéÜÂ±±Â§ßÊÄªÈ¢ÜÈ¶Ü Chinese Consulate General in Alexandria ‡§™‡•ç‡§∞‡•ã‡§´‡§º‡§æ‡§á‡§≤ ‡§´‡§º‡•ã‡§ü‡•ã ... ‡§´‡§º‡•ã‡§ü‡•ã ‡§ï‡•á ‡§¨‡§æ‡§∞‡•á ‡§Æ‡•á‡§Ç ‡§ï‡•ã‡§à ‡§ú‡§æ‡§®‡§ï‡§æ‡§∞‡•Ä ‡§®‡§π‡•Ä‡§Ç ‡§¶‡•Ä ‡§ó‡§à ‡§π‡•à. ŸÖÿØÿ±ÿ≥ ŸÑÿ∫ÿ© ÿµŸäŸÜŸäÿ© ŸÅŸä ŸÖÿµÿ± / Chinese teacher in ...
China Consulategeneral to Egypt in Alexandria,facebook.com,ÿßŸÑÿµŸäŸÜ ŸàÿßŸÑÿØŸàŸÑ ÿßŸÑÿπÿ±ÿ®Ÿäÿ© ÿ™ÿ™ŸÖŸäÿ≤ ÿßŸÑŸàÿ≠ÿØÿ© ŸàÿßŸÑÿ´ŸÇÿ© Ÿàÿ™ÿ™ŸÇÿßÿ≥ŸÖ ÿßŸÑŸÖÿ≥ÿ™ŸÇÿ®ŸÑ ...,https://www.facebook.com/ChinaConsulAlex/videos/%D8%A7%D9%84%D8%B5%D9%8A%D9%86-%D9%88%D8%A7%D9%84%D8%AF%D9%88%D9%84-%D8%A7%D9%84%D8%B9%D8%B1%D8%A8%D9%8A%D8%A9-%D8%AA%D8%AA%D9%85%D9%8A%D8%B2-%D8%A7%D9%84%D9%88%D8%AD%D8%AF%D8%A9-%D9%88%D8%A7%D9%84%D8%AB%D9%82%D8%A9-%D9%88%D8%AA%D8%AA%D9%82%D8%A7%D8%B3%D9%85-%D8%A7%D9%84%D9%85%D8%B3%D8%AA%D9%82%D8%A8%D9%84-%D8%A7%D9%84%D9%85%D8%B4%D8%AA%D8%B1%D9%83china-and-arab-/677831746550184/,"ÿßŸÑÿµŸäŸÜ ŸàÿßŸÑÿØŸàŸÑ ÿßŸÑÿπÿ±ÿ®Ÿäÿ© ÿ™ÿ™ŸÖŸäÿ≤ ÿßŸÑŸàÿ≠ÿØÿ© ŸàÿßŸÑÿ´ŸÇÿ© Ÿàÿ™ÿ™ŸÇÿßÿ≥ŸÖ ÿßŸÑŸÖÿ≥ÿ™ŸÇÿ®ŸÑ ÿßŸÑŸÖÿ¥ÿ™ÿ±ŸÉ. China and Arab countries have the characteristics of unity, trust and common future."
China Consulategeneral to Egypt in Alexandria,instagram.com,Instagram,https://www.instagram.com/cscecegypt_ins/p/C32GWqQM1Up/,"... Chinese Consulate General in Alexandria. After learning Chinese, Diaa fell in love with Chinese culture, especially the art of crosstalk."
China Consulategeneral to Kazakhstan in Almaty,instagram.com,chinaconsalmaty - –ì–µ–Ω–∫–æ–Ω—Å—É–ª—å—Å—Ç–≤–æ –ö–ù–† –≤ –ê–ª–º–∞—Ç—ã,https://www.instagram.com/chinaconsalmaty/,"5312 Followers, 853 Following, 1369 Posts - –ì–µ–Ω–∫–æ–Ω—Å—É–ª—å—Å—Ç–≤–æ –ö–ù–† –≤ –ê–ª–º–∞—Ç—ã (@chinaconsalmaty) on Instagram: ""‚òéÔ∏è87272700221 chinaconsul_alm@mfa.gov.cn"""
China Consulategeneral to Kazakhstan in Almaty,instagram.com,"A Little Dirt Never Hurt The U.S. Consulate General Almaty, ...",https://www.instagram.com/msgduty/p/CvnhCyYNYtI/,"The US Consulate General Almaty, Kazakhstan Marines recently underwent their semi-annual inspection. In celebration of their completion, they decided to go on ..."
China Consulategeneral to Kazakhstan in Almaty,facebook.com,Interview of Ambassador of India to Kazakhstan Dr. T.V. ...,https://www.facebook.com/IndiaInKazakhstan/videos/interview-of-ambassador-of-india-to-kazakhstan-dr-tv-nagendra-prasad-on-qazaqsta/1884550212026158/,"... Kazakhstan ICCR in Kazakhstan Indians in Kazakhstan Indians in Almaty ... India In China, Consulate General of India, Shanghai. India In ..."
China Consulategeneral to Kazakhstan in Almaty,youtube.com,Interviews on China-Europe Railway Express,https://www.youtube.com/playlist?list=PL8fYq3eehhtV8lIJ8033L_fjLLJf7UW0D,"Interviews on China-Europe Railway Express. Live Lingnan. 10 videosLast updated on May 22, 2024."
China Consulategeneral to Kazakhstan in Almaty,x.com,Kazakhstan in Hong Kong,https://x.com/kazinhongkong/status/1796519613813113276,"30 May 2024, the Consulate General of Kazakhstan in Hong Kong and Macao SARs, PRC, jointly with the Almaty Tourism Department, organized a roadshow ¬´Days of ..."
China Consulategeneral to Kazakhstan in Almaty,facebook.com,U.S. Consulate Almaty,https://www.facebook.com/uscgalmaty/,U.S. Consulate General Almaty represents the U.S. government throughout southern Kazakhstan.
China Consulategeneral to Kazakhstan in Almaty,instagram.com,U.S. Consulate General Almaty | Augmented Reality Public Art ...,https://www.instagram.com/p/CAKL_aFDSGr/,"41 likes, 2 comments - uscgalmaty on May 14, 2020: ""Augmented Reality Public Art Workshop ‚†Ä Today's Go Viral Thursday will be with John Craig Freeman, ..."
China Consulategeneral to Kazakhstan in Almaty,instagram.com,MFA Kazakhstan (@mfa_kz),https://www.instagram.com/mfa_kz/,"31 Kunayev Street, Akmola, Astana, Kazakhstan 010000 ; 2,128 posts ; 15,575 followers ; 2 following ..."
China Consulategeneral to Kazakhstan in Almaty,instagram.com,Kazakh Embassy in the UK (@kazakhembassy_uk),https://www.instagram.com/kazakhembassy_uk/?locale=%E8%8B%8F%E5%B7%9E%E5%A4%96%E5%9B%B4%E6%A8%A1%E7%89%B9%E4%BC%B4%E6%B8%B8%E2%95%90%E9%80%89%E5%A6%B9%E7%BD%91%E5%9D%80zxj3.com%E2%95%90g1mz&hl=en,"The Embassy of the Republic of Kazakhstan in the United Kingdom of Great Britain and Northern Ireland. ¬∑ Kazakhstan House, 125 Pall Mall, London, United Kingdom ..."
China Consulategeneral to Kazakhstan in Almaty,instagram.com,Consulate General in Hong Kong,https://www.instagram.com/kazconsulate_hongkong/p/C7ohMAINuRB/,"At the opening ceremony of the event, Consul General of the Republic of Kazakhstan Mr. Almas Seitakynov and Head of Almaty Tourism Analytics and ..."
China Consulategeneral to Spain in Barcelona,facebook.com,People mourn Chinese national beaten to death in Barcelona ...,https://www.facebook.com/echinanews/videos/people-mourn-chinese-national-beaten-to-death-in-barcelona/469222926989432/,"People mourn Chinese national who was beaten to death in Barcelona, Spain. The Chinese Consulate- General in Barcelona has urged local police to ..."
China Consulategeneral to Spain in Barcelona,instagram.com,China announced today that citizens of Spain and four other ...,https://www.instagram.com/spanishchamberhk/p/C0Bs-6iv-h9/?locale=de&hl=am-et,"China announced today that citizens of Spain and four other European Union countries, France, Germany, Italy and the Netherlands will not require a visa to ..."
China Consulategeneral to Spain in Barcelona,instagram.com,spaincultureny ‚Ä¢ Instagram photos and videos,https://www.instagram.com/spaincultureny/,"Cultural Office of the Consulate General of Spain in New York. Escr√≠benos a newyork@spainculture.us 150 E 58th Street #30, New York, New York 10155"
China Consulategeneral to Spain in Barcelona,instagram.com,spain.china - Fundaci√≥n Consejo,https://www.instagram.com/spain.china/?locale=id&ref=mrcipage,El Instituto de Turismo de Espa√±a (Turespa√±a - @spain) celebr√≥ este mes una jornada de formaci√≥n sobre turismo chino dirigida a profesionales espa√±oles del ...
China Consulategeneral to Spain in Barcelona,facebook.com,SIX LEMON WORLD - International Students Residence ...,https://www.facebook.com/p/SIX-LEMON-WORLD-International-Students-Residence-Barcelona-100066885263048/,"On December 7, 2019 the first Chinese Overseas Games were held for the Chinese community living in Catalonia. This game was organized by the Consulate General ..."
China Consulategeneral to Equatorialguinea in Bata,facebook.com,"Ind... - India in Equatorial Guinea - Embassy of India, Malabo",https://www.facebook.com/photo.php?fbid=1944209059117937&id=1048829675322551&set=a.1335030960035753&locale=es_ES,"Ambassador and Attache (Consular) interacted with Indian diaspora in an open house conducted by Embassy of India, Malabo in the city of Bata, Equatorial Guinea."
China Consulategeneral to Equatorialguinea in Bata,facebook.com,Congratulatory Message on the Occasion of Azadi Ka Amrit ...,https://www.facebook.com/IndiainSanFrancisco/videos/congratulatory-message-on-the-occasion-of-azadi-ka-amrit-mahotsav-amritmahotsav-/195300532651994/,"Curtain Raiser for 10th. International Day of Yoga in S... ¬∑ 3Days to Go. The Consulate ¬∑ This year, International Yoga Day 2024 is celebrating ..."
China Consulategeneral to Equatorialguinea in Bata,facebook.com,"India in Equatorial Guinea - Embassy of India, Malabo",https://www.facebook.com/photo.php?fbid=1471011676437680&id=1048829675322551&set=a.1382387061966809&locale=fr_FR,"India in Equatorial Guinea - Embassy of India, Malabo - #ConstitutionDay ... India In China, Consulate General of India, Shanghai. Û±ô∂. Suivre ¬∑ India in ..."
China Consulategeneral to Equatorialguinea in Bata,instagram.com,More content,https://www.instagram.com/glagloballogisticsalliance/reel/C91bgs_BHzt/,"Furthermore, a PSS of US$200 per dry container will be applied to shipments from the port of Bata in Equatorial Guinea to worldwide ..."
China Consulategeneral to Equatorialguinea in Bata,tiktok.com,Read Around the World: Bosnia and Herzegovina üáßüá¶,https://www.tiktok.com/@courtneyhenningnovak/video/7366735197213035819,"22.2K Likes, 773 Comments. TikTok video from Courtney Henning Novak (@courtneyhenningnovak): ‚ÄúDiscover the captivating novel The Bridge on ..."
China Consulategeneral to Equatorialguinea in Bata,facebook.com,Birth Certificate Pakistan Nadra Birth ...,https://www.facebook.com/BirthCertificatePakistanNadra/?locale=es_LA,Family Registration Certificate (FRC) is required for identifications with your NADRA's record for Embassy use and not required for other legal purposes. Family ...
China Consulategeneral to Equatorialguinea in Bata,facebook.com,Birth Certificate Pakistan Nadra Birth ...,https://www.facebook.com/BirthCertificatePakistanNadra/posts/how-to-make-birth-certificate-in-pakistan-2020-2021-obtaining-nadra-birth-certif/3338636512824147/,This is considered a recognition citizenship certificate of Pakistan which is useful in foreign embassy or consulate in the world.
China Consulategeneral to Equatorialguinea in Bata,facebook.com,Community of Socio-Cultural Association For Initiative & ...,https://www.facebook.com/AsiaPacificUnionKuwaitSyednaElizabethRaniaMedvedev/,"Community of Socio-Cultural Associations for Creativity, Innovation, Initiatives, Global Conflict Resolution, Crisis Management & Capacity Building"
China Consulategeneral to Australia in Brisbane,facebook.com,Chinese Consulate-General in Brisbane,https://www.facebook.com/PRCCGBne/,The Chinese Consulate-General in Brisbane Hosts the Reception Celebrating the 50th Anniversary of the establishment of China-Australia Diplomatic Ties and ...
China Consulategeneral to Australia in Brisbane,facebook.com,Chinese Consulate-General in Brisbane,https://www.facebook.com/PRCCGBne/?locale=lt_LT,Many overseas Chinese in Brisbane promote the economic and trade exchanges. The celebrations of Spring Festival and Brisbane Chinese Festival enrich Brisbane ...
China Consulategeneral to Australia in Brisbane,facebook.com,Chinese Consulate-General in Brisbane,https://www.facebook.com/PRCCGBne/photos/the-chinese-consulate-general-in-brisbane-heldthe-sharing-session-for-past-winne/507724528681417/,"The Chinese Consulate-General in Brisbane held the Sharing Session for Past Winners of the ""When Koala Meets Panda"" China-Australia Friendship ..."
China Consulategeneral to Australia in Brisbane,facebook.com,Foreign Ministry... - Chinese Consulate-General in Brisbane,https://www.facebook.com/story.php/?story_fbid=447445521375985&id=100083316229573,"China has lowered the threshold for inbound travelers, allowing more foreigners to embark on spur- of-the-moment journeys to China."
China Consulategeneral to Australia in Brisbane,facebook.com,Chinese Consulate-General in Brisbane,https://www.facebook.com/story.php/?story_fbid=512927568161113&id=100083316229573,... China was before the establishment of diplomatic relations between China and Australia. The Chinese Consulate- General is willing to promote practical ...
China Consulategeneral to Australia in Brisbane,facebook.com,Chinese Consulate-General in Brisbane's post,https://www.facebook.com/PRCCGBne/posts/with-measures-expanding-the-visa-free-circle-of-friends-china-has-lowered-the-th/458455493608321/,He expressed willingness to strengthen exchanges with the Chinese Consulate-General and continue to promote China- Australia friendship.
China Consulategeneral to Australia in Brisbane,facebook.com,Consul-General... - Chinese Consulate-General in Brisbane,https://www.facebook.com/story.php/?story_fbid=512925854827951&id=100083316229573,"Consul-General Ruan Zongze visits Torres Shire of Queensland From 16th to 19th September 2024, Chinese Consul-General Dr Ruan Zongze visited Torres..."
China Consulategeneral to Korearepublic in Busan,tiktok.com,Korean Olympic Boat,https://www.tiktok.com/discover/korean-olympic-boat,"The boat I took went from Busan, South Korea to Fukuoka, Japan in less than four hours! ... 2536 Likes, TikTok video from Chinese Consulate ..."
China Consulategeneral to Korearepublic in Busan,tiktok.com,Boats Olympics Korea,https://www.tiktok.com/discover/boats-olympics-korea,The International Olympic Committee has apologised after the South Korea team were introduced as North Korea at the opening ceremony.
China Consulategeneral to Southafrica in Capetown,x.com,China Xinhua News,https://x.com/XHNews/status/1837818603720110163,"The Chinese Consulate-General in Cape Town, the legislative capital of South Africa, hosted a reception Friday to commemorate the 75th ..."
China Consulategeneral to Southafrica in Capetown,instagram.com,"On 2 August, the Chinese Consulate General in Cape ...",https://www.instagram.com/saiia_org/p/C-myxfJuK0c/,"On 2 August, the Chinese Consulate General in Cape Town hosted an event focused on 'Chinese Modernisation: Sharing Opportunities with South Africa and the ..."
China Consulategeneral to Southafrica in Capetown,facebook.com,The Chinese Consulate-General in... - ChinAfrica Magazine,https://www.facebook.com/story.php/?story_fbid=823851623290789&id=100069978761233,"The Chinese Consulate-General in Cape Town, the legislative capital of South Africa, hosted a reception on 20 September to commemorate the 75th..."
China Consulategeneral to Southafrica in Capetown,instagram.com,"SA Institute of Intl Affairs | üì∏ On 2 August, the Chinese Consulate ...",https://www.instagram.com/p/C-myxfJuK0c/?locale=zh_CN,"On 2 August, the Chinese Consulate General in Cape Town hosted an event focused on 'Chinese Modernisation: Sharing Opportunities with South Africa and the ..."
China Consulategeneral to Southafrica in Capetown,instagram.com,"You Wenze (2nd L), Chinese consul-general in Cape Town ...",https://www.instagram.com/chinafricamagazine/p/DAK15uSS3ow/,"You Wenze (2nd L), Chinese consul-general in Cape Town, and guests cut a birthday cake during a reception commemorating the 75th anniversary ..."
China Consulategeneral to Southafrica in Capetown,facebook.com,"South African Consulate-General, HKSAR / MSAR, PRC",https://www.facebook.com/sacghkg/,"Official Facebook page of the South African Consulate-General in Hong Kong SAR and Macao SAR, PRC ? Û±ô∂. Follow. Û∞üù. Posts."
China Consulategeneral to Thailand in Chiangmai,facebook.com,Waiving of visa requirements for no ...,https://www.facebook.com/KhaosodEnglish/photos/breaking-waving-of-visa-requirements-for-no-more-than-60-day-visitors-will-be-ex/921002556738920/,Officers from the Provincial Police Region 5 assisted consular officials from the Consulate-General of the People's Republic of China in Chiang ...
China Consulategeneral to Thailand in Chiangmai,facebook.com,China Eastern Airlines,https://www.facebook.com/photo.php?fbid=4239962739411053&id=171799996227368&set=a.518131901594174,... Chiang Mai: chiangmaicenter@visaforchina.org Chinese Consulate-General in ... Embassy or Consulate in Thailand for a Chinese visa and it's free of charge.
China Consulategeneral to Thailand in Chiangmai,facebook.com,Khaosod English | Bangkok,https://www.facebook.com/KhaosodEnglish/?locale=lt_LT,Officers from the Provincial Police Region 5 assisted consular officials from the Consulate-General of the People's Republic of China in Chiang Mai who were ...
China Consulategeneral to Thailand in Chiangmai,facebook.com,Israeli Ambassador to Thailand Orna Sagiv ...,https://www.facebook.com/photo.php?fbid=880047560834420&id=100064875510284&set=a.366191288886719&locale=de_DE,Officers from the Provincial Police Region 5 assisted consular officials from the Consulate-General of the People's Republic of China in Chiang Mai who were ...
China Consulategeneral to Thailand in Chiangmai,facebook.com,U.S. Consulate General Chiang Mai Thailand,https://www.facebook.com/chiangmai.usconsulate/?locale=ms_MY,Welcome to the official Facebook page of U.S. Consulate General Chiang Mai! Û±ô∂. Ikut.
China Consulategeneral to Thailand in Chiangmai,facebook.com,U.S. Consulate General Chiang Mai Thailand,https://www.facebook.com/chiangmai.usconsulate/?locale=lt_LT,Welcome to the official Facebook page of U.S. Consulate General Chiang Mai! Û±ô∂. Stebƒóti.
China Consulategeneral to Thailand in Chiangmai,facebook.com,The Vice Consul Mr. Ramji Ramaswamy attended ...,https://www.facebook.com/permalink.php/?story_fbid=873559271475128&id=100064631893976,The Vice Consul Mr. Ramji Ramaswamy attended the opening ceremony of Lanna Expo 2024 - BCG creative Lanna.The expo was presided over by Khun Weerapong...
China Consulategeneral to Newzealand in Christchurch,facebook.com,Consulate General of the People's Republic of China in ...,https://www.facebook.com/p/Consulate-General-of-the-Peoples-Republic-of-China-in-Christchurch-100066851106473/,Welcome to the official page of Consulate General of the People's Republic of China in Christchurch. We are committed to promoting friendly exchanges and ...
China Consulategeneral to Newzealand in Christchurch,facebook.com,Consulate General of the People's Republic of China in ...,https://www.facebook.com/p/Consulate-General-of-the-Peoples-Republic-of-China-in-Christchurch-100066851106473/?locale=is_IS,Welcome to the official page of Consulate General of the People's Republic of China in Christchurch. We are committed to promoting friendly exchanges and ...
China Consulategeneral to Newzealand in Christchurch,facebook.com,Embassy of the People's Republic of China in New Zealand,https://www.facebook.com/ChineseEmbassyInNZ/,Chinese Consulate General in Christchurch Inquiry telephone number:03-3433650 Email: chc_zx@csm.mfa.gov.cn.
China Consulategeneral to Newzealand in Christchurch,facebook.com,Consulate General of the People's Republic of China in ...,https://www.facebook.com/permalink.php/?story_fbid=845367581034938&id=100066851106473,"China is willing to work with all sectors in the consular district to deepen local cooperation and contribute to China-New Zealand friendship. Mayor Mauger, ..."
China Consulategeneral to Newzealand in Christchurch,x.com,Chinese Consulate General in Christchurch (@ChinaCG_CC) / ...,https://x.com/chinacg_cc?lang=el,"official twitter account of the Consulate General of People's Republic of China in Christchurch, New Zealand."
China Consulategeneral to Newzealand in Christchurch,x.com,Chinese Consulate General in Christchurch,https://x.com/ChinaCG_CC,"official twitter account of the Consulate General of People's Republic of China in Christchurch, New Zealand."
China Consulategeneral to Romania in Constanta,tiktok.com,Romania Olympic Boat,https://www.tiktok.com/discover/romania-olympic-boat,"For those of you who have questions about river cruises, I am boarding the Amabella today. to take an Eastern European river cruise from ..."
China Consulategeneral to Romania in Constanta,facebook.com,Diplolma full free scholarship with monthly 600 to 1000 ...,https://www.facebook.com/groups/2190471711071433/posts/6803860969732461/,"Journey from China to Romania, those who are pursuing higher studies from a Schengen country like Romania at affordable ..."
China Consulategeneral to Romania in Constanta,instagram.com,Istanbul Municipality (@municipalityist),https://www.instagram.com/municipalityist/?locale=%E6%AC%A7%E6%B4%B2%E6%9D%AF%E6%B5%B7%E5%A4%96%E7%9B%B4%E6%92%AD(kaiyun.la)%0A.jhqf&hl=en,Official account of Istanbul Metropolitan Municipality | Posts in Turkish: @istanbulbuyuksehirbld ¬∑ ‚ú® #Paris2024 Olympic Games brought many unforgettable firsts ...
China Consulategeneral to Romania in Constanta,instagram.com,Istanbul Municipality (@municipalityist),https://www.instagram.com/municipalityist/?locale=%E8%A3%B8%E5%A6%86%E7%BE%8E%E5%A5%B3%E5%B9%B3%E5%8F%B0%E7%9B%B4%E6%92%AD%E8%BD%AF%E4%BB%B6(va858.com)%0A.qmnz&hl=en,Official account of Istanbul Metropolitan Municipality | Posts in Turkish: @istanbulbuyuksehirbld ; C40 Summit's profile picture. C40 Summit.
China Consulategeneral to Romania in Constanta,instagram.com,Istanbul Municipality (@municipalityist) ‚Ä¢ –§–æ—Ç–æ –∏ –≤–∏–¥–µ–æ –≤ ...,https://www.instagram.com/Municipalityist/?locale=ru&hl=am-et,Official account of Istanbul Metropolitan Municipality | Posts in Turkish: @istanbulbuyuksehirbld ¬∑ –§–æ—Ç–æ –ø—Ä–æ—Ñ–∏–ª—è C40 Summit. C40 Summit ¬∑ –§–æ—Ç–æ –ø—Ä–æ—Ñ–∏–ª—è Concerts.
China Consulategeneral to Philippines in Davaocity,facebook.com,Chinese Consulate General in Davao,https://www.facebook.com/consulategeneralchina/,Chinese Consulate General in Davao provides consular services like Chinese visa for Philippine people in Mindanao.
China Consulategeneral to Philippines in Davaocity,facebook.com,Chinese Consulate General in Davao,https://www.facebook.com/consulategeneralchina/?locale=fo_FO,Chinese Consulate General in Davao provides consular services like Chinese visa for Philippine people in Mindanao. ... Chinese Ambassador to the Philippines Huang ...
China Consulategeneral to Philippines in Davaocity,facebook.com,Chinese Consulate General in Davao,https://www.facebook.com/consulategeneralchina/?locale=he_IL,Chinese Consulate General in Davao provides consular services like Chinese visa for Philippine people in Mindanao. Û±ô∂. ◊û◊¢◊ß◊ë.
China Consulategeneral to Philippines in Davaocity,facebook.com,Chinese Consulate General in Davao,https://www.facebook.com/consulategeneralchina/?locale=lt_LT,Chinese Consulate General in Davao provides consular services like Chinese visa for Philippine people in Mindanao. ... Filipino women received a warm welcome from ...
China Consulategeneral to Philippines in Davaocity,facebook.com,Chinese Consulate General in Davao,https://www.facebook.com/consulategeneralchina/?locale=vi_VN,Chinese Consulate General in Davao provides consular services like Chinese visa for Philippine people in Mindanao. ... China and the Philippines as they ...
China Consulategeneral to Philippines in Davaocity,facebook.com,Chinese Consulate General in Davao,https://www.facebook.com/consulategeneralchina/?locale=bs_BA,Chinese Consulate General in Davao provides consular services like Chinese visa for Philippine people in Mindanao. Û±ô∂. Prati.
China Consulategeneral to Indonesia in Denpasar,facebook.com,Shanghai Daily ‰∏äÊµ∑Êó•Êä• - Two tourists found dead in their ...,https://www.facebook.com/photo.php?fbid=253214997077174&id=100071660262990&set=a.161708446227830&locale=te_IN,"Two tourists found dead in their hotel room at the InterContinental Bali Resort have been confirmed to be Chinese, according to the Consulate General of China."
China Consulategeneral to Indonesia in Denpasar,facebook.com,Shanghai Daily ‰∏äÊµ∑Êó•Êä• - Two tourists found dead in their ...,https://www.facebook.com/photo.php?fbid=253214997077174&id=100071660262990&set=a.161708446227830&locale=sv_SE,"Two tourists found dead in their hotel room at the InterContinental Bali Resort have been confirmed to be Chinese, according to the Consulate General of China."
China Consulategeneral to Indonesia in Denpasar,facebook.com,Two tourists found dead in their hotel room at the InterContinental,https://www.facebook.com/photo.php?fbid=253214997077174&id=100071660262990&set=a.161708446227830&locale=fi_FI,"Two tourists found dead in their hotel room at the InterContinental #Bali Resort have been confirmed to be Chinese, according to the Consulate General of..."
China Consulategeneral to Indonesia in Denpasar,instagram.com,"MC , translators for president , ministers , entrepreneurs ...",https://www.instagram.com/bali_mandarin_center/p/C_ruimAy_G6/,"November 15-21, 2023 sponsored by Chinese Consulate General in Denpasar and the Foreign Affairs Office of Yunnan Provincial , China, invited ..."
China Consulategeneral to Indonesia in Denpasar,facebook.com,Ë¶∫ÂæóÈÖ∑„ÄÇ,https://www.facebook.com/photo.php?fbid=253214997077174&id=100071660262990&set=a.161708446227830&locale=zh_TW,"Two tourists found dead in their hotel room at the InterContinental #Bali Resort have been confirmed to be Chinese, according to the Consulate General of ..."
China Consulategeneral to Indonesia in Denpasar,facebook.com,Bali Mandarin Center | Denpasar,https://www.facebook.com/100063633125861,"November 15-21, 2023 sponsored by Chinese Consulate General in Denpasar and the Foreign Affairs Office of Yunnan Provincial , China, invited 7 head of"
China Consulategeneral to Indonesia in Denpasar,facebook.com,Shanghai Daily ‰∏äÊµ∑Êó•Êä• - Two tourists found dead in their ...,https://www.facebook.com/photo.php?fbid=253214997077174&id=100071660262990&set=a.161708446227830&locale=ja_JP,"Two tourists found dead in their hotel room at the InterContinental Bali Resort have been confirmed to be Chinese, according to the Consulate General of China."
China Consulategeneral to Indonesia in Denpasar,instagram.com,konjenchinabali - Konsulat Jenderal RRT di Denpasar,https://www.instagram.com/konjenchinabali/,"Dalam rangka memeperingati Dragoan Boat Festival atau Á´ØÂçàËäÇ(duƒÅn w«î ji√©), kami Konsulat Jenderal Republik Rakyat Tiongkok di Denpasar akan mengadakan Lomba ..."
China Consulategeneral to Indonesia in Denpasar,facebook.com,CGTN - Police investigate Chinese tourist's death in Bali ...,https://www.facebook.com/photo.php?fbid=2076798975694245&id=565225540184937&set=a.566725090034982,"One Chinese tourist was killed in the Indonesian island of Bali early Friday morning, Chinese Consulate General in Denpasar confirmed."
China Consulategeneral to Cameroon in Douala,facebook.com,"Hi CNA! ""I write this with so... - Cameroon News Agency",https://www.facebook.com/CAMEROONNEWSAGENCY/posts/hi-cnai-write-this-with-so-much-disappointment-on-how-the-cameroon-consulate-in-/4077540585692295/,Hongkong doesn't have Cameroon embassy nor consulate. We have go to Beijing China if in need of any Service. Getting a Chinese Visa to Beijing ...
China Consulategeneral to Cameroon in Douala,facebook.com,Any person living in France and requesting a visa to enter ...,https://www.facebook.com/photo.php?fbid=2719668404812860&id=652585094854545&set=a.871141382998914,"Any person living in France and requesting a visa to enter into Cameroon must show his/her result of COVID19, the Consulate General of Cameroon in France..."
China Consulategeneral to Cameroon in Douala,facebook.com,The Consul General of Cameroon to Dubai has announced ...,https://www.facebook.com/photo.php?fbid=2820156451430721&id=652585094854545&set=a.871141382998914&locale=nl_BE,The Consul General of Cameroon to Dubai has announced that President Paul Biya has ordered for repatriation of Cameroonians who have been stranded due to...
China Consulategeneral to Cameroon in Douala,facebook.com,Any person living in France and... - Cameroon News Agency,https://www.facebook.com/CAMEROONNEWSAGENCY/posts/any-person-living-in-france-and-requesting-a-visa-to-enter-into-cameroon-must-sh/2719668468146187/,"Any person living in France and requesting a visa to enter into Cameroon must show his/her result of COVID19, the Consulate General of Cameroon"
China Consulategeneral to Cameroon in Douala,facebook.com,Cameroon News Agency - Any person living in France and ...,https://www.facebook.com/CAMEROONNEWSAGENCY/photos/a.871141382998914/2719668404812860/?type=3,"Any person living in France and requesting a visa to enter into Cameroon must show his/her result of COVID19, the Consulate General of ..."
China Consulategeneral to Cameroon in Douala,facebook.com,Diaspora India Connect,https://www.facebook.com/DiasporaIndiaConnect/,"Consul General Neetu Bhagotia along with the CGI officials, Indian diaspora and friends of India, paid floral tribute to Mahatma Gandhi ji on his 155th birth ..."
China Consulategeneral to Cameroon in Douala,facebook.com,Cameroon Diaspora Association in All Foreign Countries ...,https://www.facebook.com/FomunyoNDIAfricaCondolezNdayongAYUKVICTORIAClinton/,"Similar to Chinese Embassy in UK..... ... CAMEROON IN DOUALA......... THEY ARE ALL RUSSIANS ... CHINA FROM CAMEROON, NIGERIA AND WEST AFRICAN COUNTRIES..."
China Consulategeneral to Cameroon in Douala,instagram.com,EPITA School of Engineering and Computer Science,https://www.instagram.com/epita_world/?locale=zh-hans&hl=am-et,#EPITA : The school for #engineers who transform the world through IT and innovation. epita.fr/en. Student StoryÁöÑÂ§¥ÂÉè. Student Story. NewsÁöÑÂ§¥ÂÉè.
China Consulategeneral to Germany in Dusseldorf,facebook.com,"International School of Medicine, Zhejiang University",https://www.facebook.com/photo.php?fbid=257093690586217&id=100088567641164&set=a.112387361723518,"On August 14th, Mr. Du Chunguo, the Consul General of China in D√ºsseldorf, Germany, welcomed the visiting delegation of 10 individuals from ZJUISM &ZJU4H ..."
China Consulategeneral to Germany in Dusseldorf,instagram.com,US-Generalkonsulat D√ºsseldorf (@usconsduesseldorf),https://www.instagram.com/usconsduesseldorf/,"Official Instagram account of the U.S. Consulate General in D√ºsseldorf, Germany. Willy Becker Allee 10, D√ºsseldorf, Germany 40227."
China Consulategeneral to Germany in Dusseldorf,instagram.com,US-Generalkonsulat D√ºsseldorf (@usconsduesseldorf),https://www.instagram.com/usconsduesseldorf/?locale=a%E7%89%87%E6%98%AF%E7%9C%9F%E7%9A%84%E5%81%9A%E7%88%B1%E5%90%97(ex889.com)%0A.rxyw&hl=pt-br,"Official Instagram account of the U.S. Consulate General in D√ºsseldorf, Germany. Willy Becker Allee 10, D√ºsseldorf, Germany 40227."
China Consulategeneral to Germany in Dusseldorf,instagram.com,This is not goodbye but auf Wiedersehen. The first time my foot ...,https://www.instagram.com/p/C-FDFlZtD3R/,It has been an unparalleled honor to serve as the Consul General of the US Consulate General in D√ºsseldorf covering the state of North Rhine-Westphalia for ...
China Consulategeneral to Germany in Dusseldorf,instagram.com,German Embassy Singapore (@germanyinsingapore),https://www.instagram.com/germanyinsingapore/,"Welcome to the Instagram account of the German Embassy Singapore. ‚ÑπÔ∏è For visa and other consular issues, please use our website contact form."
China Consulategeneral to Germany in Dusseldorf,facebook.com,ISR at the Chinese... - ISR International School on the Rhine,https://www.facebook.com/ISR.International.School/posts/2696949577009553/,We look forward to further strengthening the good relationship and cooperation with the Chinese Consulate General and our Chinese community at ...
China Consulategeneral to Germany in Dusseldorf,facebook.com,U.S. Consulate General Duesseldorf,https://www.facebook.com/story.php/?story_fbid=909403441228476&id=100064764848459,"Happy 72nd Birthday to us! For over 7 decades, we've proudly supported peace, stability & security across Europe alongside our Allies & partners!"
China Consulategeneral to Germany in Dusseldorf,facebook.com,ISR International School on the Rhine | Neuss,https://www.facebook.com/ISR.International.School/?locale=sr_RS,This exceptional event was organized by the Chinese Consulate General in D√ºsseldorf and the German-Chinese Society for Education and Culture NRW e.V. The ...
China Consulategeneral to Iraq in Erbil,facebook.com,Consulate General of China in Erbil,https://www.facebook.com/ChineseconsulateErbil/,Welcome to the official page of the Consulate General of the People's Republic of China in Erbil. Û±ô∂. Follow.
China Consulategeneral to Iraq in Erbil,facebook.com,Consulate General of China in Erbil,https://www.facebook.com/ChineseconsulateErbil/?locale=gn_PY,Welcome to the official page of the Consulate General of the People's Republic of China in Erbil. Û±ô∂. Ehapykueho.
China Consulategeneral to Iraq in Erbil,facebook.com,Consulate General of China in Erbil,https://www.facebook.com/ChineseconsulateErbil/?locale=nl_NL,"Consulate General of China in Erbil, Irbil, Iraq. 5.717.636 vind-ik ... Welcome to the official page of the Consulate General of the People's Republic of China in ..."
China Consulategeneral to Iraq in Erbil,facebook.com,"Together with Chinese Consulate General in Erbil, see the news ...",https://www.facebook.com/Tonexzy/videos/together-with-chinese-consulate-general-in-erbil-see-the-news-of-china-in-iraq-a/1942010199560751/,"Together with Chinese Consulate General in Erbil, see the news of China in Iraq and Kurdistan Region."
China Consulategeneral to Iraq in Erbil,instagram.com,Chinese Acting Consul General Visits UKH,https://www.instagram.com/ukh.official/p/CtwllkWrNzw/,"The Acting Consul General of the People's Republic of China in Erbil, Mr. Liu Zhenyong visited the University of Kurdistan Hewl√™r (UKH) on Wednesday 21 June ..."
China Consulategeneral to Iraq in Erbil,facebook.com,Consulate General of China in Erbil,https://www.facebook.com/ChineseconsulateErbil/?locale=ka_GE,Welcome to the official page of the Consulate General of the People's Republic of China in Erbil. Û±ô∂. ·Éí·Éê·Éõ·Éù·É¨·Éî·É†·Éê.
China Consulategeneral to Germany in Frankfurtammain,x.com,Chinesisches Generalkonsulat in Frankfurt am Main,https://x.com/chinacg_ffm,"Over 90% of German leading global companies have partnerships with #China. Any company aspiring to lead in the global market must collaborate with China, said ..."
China Consulategeneral to Germany in Frankfurtammain,instagram.com,German Embassy Singapore (@germanyinsingapore),https://www.instagram.com/germanyinsingapore/,"Welcome to the Instagram account of the German Embassy Singapore. ‚ÑπÔ∏è For visa and other consular issues, please use our website contact form."
China Consulategeneral to Germany in Frankfurtammain,facebook.com,U.S. Consulate General Frankfurt,https://www.facebook.com/usconsulate.frankfurt/posts/focus-on-china-nato-the-transatlantic-partnership-us-security-expert-elbridge-co/10156747085447097/?locale=hi_IN,"FOCUS ON CHINA, NATO & THE TRANSATLANTIC PARTNERSHIP: U.S. security expert Elbridge Colby of the Center for a New American Security ..."
China Consulategeneral to Germany in Frankfurtammain,instagram.com,Day 1 visit to State of Hawaii - 1st stop: the prestigious East ...,https://www.instagram.com/germanyinsf/p/CzLfPQWrTrL/,"Day 1 visit to State of Hawaii - 1st stop: the prestigious East-West Center, Honolulu. A great honor to speak about 's new -Strategy, it's principles, ..."
China Consulategeneral to Germany in Frankfurtammain,facebook.com,"Consulate General of Ireland, Frankfurt am Main's post",https://www.facebook.com/story.php/?story_fbid=1311835662670738&id=100068800406777,"Great to also welcome Ambassador O'Brien to Frankfurt again, ahead of his move to Embassy of Ireland, China later this summer. May be an image of 4 people."
China Consulategeneral to Germany in Frankfurtammain,facebook.com,Embassy of Ireland Berlin's post,https://www.facebook.com/irlembberlin/posts/875576271269573/,"Great to also welcome Ambassador O'Brien to Frankfurt again, ahead of his move to Embassy of Ireland, China later this summer. May be an ..."
China Consulategeneral to Germany in Frankfurtammain,facebook.com,"Consulate General of Ireland, Frankfurt am Main",https://www.facebook.com/irelandinfrankfurt/?locale=es_ES,Delighted to welcome the German-Irish Chamber of Industry and Commerce to the Consulate to discuss our work and ongoing cooperation. Many thanks for the visit ...
China Consulategeneral to Germany in Frankfurtammain,facebook.com,"Consulate General of Ireland, Frankfurt am Main",https://www.facebook.com/irelandinfrankfurt/?locale=hr_HR,Delighted to welcome the German-Irish Chamber of Industry and Commerce to the Consulate to discuss our work and ongoing cooperation. Many thanks for the visit ...
China Consulategeneral to Germany in Frankfurtammain,instagram.com,German Consulate General SF(@germanyinsf),https://www.instagram.com/germanyinsf/?locale=ko&hl=am-et,"German Consulate General San Francisco is official representative of Germany in NorCal, Alaska, Hawaii, Idaho, Montana, Oregon, Washington, Wyoming."
China Consulategeneral to Japan in Fukuoka,instagram.com,"Consulate General Japan Miami | Today, we're featuring ...",https://www.instagram.com/consulategeneralofjapaninmiami/p/CGWOoUdAzAL/,"Consulate General Japan Miami | Today, we're featuring some of Fukuoka Prefecture's famous regional cuisine on our #japanvirtualtour ..."
China Consulategeneral to Japan in Fukuoka,instagram.com,Consulate General Japan Miami | Did you know that in ...,https://www.instagram.com/p/C95cs_huhL1/,In par with the grandiosity of this city is Fukuoka's annual summer celebration of the Hakata Gion Yamakasa held from July 1st to July 15th that ...
China Consulategeneral to Japan in Fukuoka,instagram.com,Consulate General Japan Miami,https://www.instagram.com/p/C92ZR1uu38X/,MISO has been eager to strengthen goodwill and friendship between Japan and Miami/Florida through music and the Morikami Museum is the perfect setting to do so.
China Consulategeneral to Japan in Fukuoka,facebook.com,Every year on July... - Consulate General of Japan in Cebu,https://www.facebook.com/story.php/?story_fbid=496997009384257&id=100072218859739,"On July 15, Consul General Hideaki MATSUO warmly welcome the group from Yokohama City, Japan led by Mr. Noriaki YOKOUCHI, Director for ..."
China Consulategeneral to Japan in Fukuoka,facebook.com,Consulate General of Japan in Miami's post,https://www.facebook.com/cgjmiami/posts/japan-virtual-tour-fukuokatoday-were-featuring-some-of-fukuoka-prefectures-famou/3729053710447589/,"[Japan Virtual Tour - Fukuoka] Today, we're featuring some of Fukuoka Prefecture's famous regional cuisine on our tour! Hakata Ramen - One of the..."
China Consulategeneral to Japan in Fukuoka,instagram.com,"Consulate General of Japan in LA | On February 6, the Los ...",https://www.instagram.com/p/C3GgD6yMwib/,"On July 31, Consul General Sone participated in the Japan Food Export Platform conference at JAPAN HOUSE Los Angeles. A total of 57 people (in ..."
China Consulategeneral to Japan in Fukuoka,facebook.com,On Friday 9... - Consulate-General of Japan in Auckland,https://www.facebook.com/story.php/?story_fbid=796028212569200&id=100064860841098,"On Friday 9 February the Emperor's Birthday Reception was held at the Consul General's residence and was attended by many guests with connections to Japan, ..."
China Consulategeneral to Poland in Gdansk,facebook.com,"Philippine Embassy in Warsaw, Poland",https://www.facebook.com/PHLinPoland/,"A total of 74 services were rendered during the mission. The Philippine Embassy in Warsaw will hold its next consular outreach mission in Gdansk, Poland on 19 ..."
China Consulategeneral to Poland in Gdansk,instagram.com,India in Poland (@indiainpoland) ‚Ä¢ Fotos y videos de ...,https://www.instagram.com/indiainpoland/?locale=es_ES%E9%99%8C%E9%99%8C%E7%99%BD%E5%8F%B7%E8%B4%AD%E4%B9%B0%E6%B8%A0%E9%81%93%E2%9C%94%EF%B8%8F%E3%80%8C%2Bxiaohaole.cc%2B%E3%80%8D%E8%87%AA%E5%8A%A9%E8%B4%AD%E4%B9%B0%E8%87%AA%E5%8A%A8%E5%8F%91%E8%B4%A7%2C%E8%B4%A8%E4%BF%9D90%E5%A4%A9%E5%8F%AF%E5%85%8D%E8%B4%B9%E6%8D%A2%E5%8F%B7%2C%E2%9C%94%EF%B8%8F%E3%80%8C%2Bxiaohaole.cc%2B%E3%80%8D%E5%94%AE%E5%90%8E%E4%BF%9D%E9%9A%9C6%E4%B8%AA%E6%9C%88&hl=en,Official page of Embassy of India in Poland Consular matters- cons.warsaw@mea.gov.in. Commercial - comwing.warsaw@mea.gov.in.
China Consulategeneral to Poland in Gdansk,tiktok.com,Poland Appointment Update 2024,https://www.tiktok.com/discover/poland-appointment-update-2024,Hello Friends in this video I am going to talk about POLAND TRANSPORT and Embassy appointment . These days a lot of people are simply getting their POLAND VISA ...
China Consulategeneral to Poland in Gdansk,tiktok.com,Poland Work Permit 2024,https://www.tiktok.com/discover/poland-work-permit-2024,"From 26 June 2024, all employement visa applications must be registered through e- consulate. Dates for appointment to submit visa application ..."
China Consulategeneral to Poland in Gdansk,instagram.com,exhibition. @layup_galeria @100cznia ...,https://www.instagram.com/illustrateyourlife/p/CjreleEr8UC/?next=%2Fluisgem90%2Ftagged%2F&hl=el,"ACE! Australian Comics Exhibition in Shanghai, China organised in partnership with the Australian Consulate-General in Shanghai Big thanks to the Consulate for ..."
China Consulategeneral to Poland in Gdansk,youtube.com,Baltic Sea Philharmonic & Kristjan J√§rvi | Nordic Swans live ...,https://www.youtube.com/watch?v=Cxy2vliSyzQ,... Polish Red Cross and the German Consulate General in Gda≈Ñsk donations are being collected to support the more than two million Ukrainian war ...
China Consulategeneral to Poland in Gdansk,tiktok.com,Changsha Weather Now,https://www.tiktok.com/discover/changsha-weather-now,"The train station is inundated by floodwater under the attack from heavy rain in Changsha, the capital city of China's Hunan Province."
China Consulategeneral to Poland in Gdansk,instagram.com,Restore UA (@restoreua_),https://www.instagram.com/restoreua_/,"We are working to organize, fund, and execute relief efforts in Ukraine.. restoreua.org."
China Consulategeneral to Ecuador in Guayaquil,facebook.com,"El Universo - L√≠o comercial entre China y Estados Unidos, ' ...",https://www.facebook.com/photo.php?fbid=10157507263904560&id=61449504559&set=a.168250959559&locale=hi_IN,"L√≠o comercial entre China y Estados Unidos, 'sin efecto directo', dice c√≥nsul general de China en Guayaquil, Zhang Tao. ‚ñª http://ow.ly/fNj050unTny."
China Consulategeneral to Ecuador in Guayaquil,facebook.com,Consulado del Ecuador en Shangh√°i ...,https://www.facebook.com/photo.php?fbid=2687749081369365&id=830491303761828&set=a.834137900063835&locale=fr_FR,"... Guayaquil. A su vez, Bol√≠var mand√≥ desde Colombia a dos de sus mejores ... Consulate-General of China in Adelaide. Û±ô∂. Suivre ¬∑ Asociaci√≥n Uniendo Fuerzas ..."
China Consulategeneral to Ecuador in Guayaquil,facebook.com,Consulado del Ecuador en Shangh√°i ...,https://www.facebook.com/photo.php?fbid=2687749081369365&id=830491303761828&set=a.834137900063835&locale=id_ID,"... Guayaquil. A su vez, Bol√≠var mand√≥ desde Colombia a dos de sus mejores ... Consulate-General of China in Adelaide. Û±ô∂. Ikuti ¬∑ Asociaci√≥n Uniendo Fuerzas ..."
China Consulategeneral to Ecuador in Guayaquil,facebook.com,Consulado del Ecuador en Shangh√°i,https://www.facebook.com/photo.php?fbid=2687749081369365&id=830491303761828&set=a.834137900063835&locale=nb_NO,"#200A√±osEnLibertad. Aunque el Imperio espa√±ol se enfrentaba con guerras independentistas en varias partes de Am√©rica, envi√≥ desde Quito un ej√©rcito contra ..."
China Consulategeneral to Ecuador in Guayaquil,facebook.com,Consulado del Ecuador en Shangh√°i ...,https://www.facebook.com/photo.php?fbid=2687749081369365&id=830491303761828&set=a.834137900063835&locale=pt_PT,"... Guayaquil. A su vez, Bol√≠var mand√≥ desde Colombia a dos de sus mejores ... Consulate-General of China in Adelaide. Û±ô∂. Seguir ¬∑ Asociaci√≥n Uniendo Fuerzas ..."
China Consulategeneral to Ecuador in Guayaquil,facebook.com,Consulado del Ecuador en Shangh√°i ...,https://www.facebook.com/photo.php?fbid=2687749081369365&id=830491303761828&set=a.834137900063835&locale=mt_MT,"... Guayaquil. A su vez, Bol√≠var mand√≥ desde Colombia a dos de sus mejores ... Consulate-General of China in Adelaide. Û±ô∂. Segwi ¬∑ Asociaci√≥n Uniendo Fuerzas ..."
China Consulategeneral to Ecuador in Guayaquil,facebook.com,ŸÅ€åÿ≥‚Äåÿ®Ÿà⁄©,https://www.facebook.com/photo.php?fbid=2687749081369365&id=830491303761828&set=a.834137900063835&locale=fa_IR,"... Guayaquil. A su vez, Bol√≠var mand√≥ desde Colombia a dos de sus mejores ... Consulate-General of China in Adelaide. Û±ô∂. ÿØŸÜÿ®ÿßŸÑ ⁄©ÿ±ÿØŸÜ ¬∑ Asociaci√≥n Uniendo ..."
China Consulategeneral to Ecuador in Guayaquil,facebook.com,Consulado del Ecuador en Shangh√°i ...,https://www.facebook.com/photo.php?fbid=2687749081369365&id=830491303761828&set=a.834137900063835&locale=sv_SE,"#200A√±osEnLibertad. Aunque el Imperio espa√±ol se enfrentaba con guerras independentistas en varias partes de Am√©rica, envi√≥ desde Quito un ej√©rcito contra ..."
China Consulategeneral to Ecuador in Guayaquil,facebook.com,Consulado del Ecuador en Shangh√°i ...,https://www.facebook.com/photo.php?fbid=2687749081369365&id=830491303761828&set=a.834137900063835&locale=km_KH,"#200A√±osEnLibertad. Aunque el Imperio espa√±ol se enfrentaba con guerras independentistas en varias partes de Am√©rica, envi√≥ desde Quito un ej√©rcito contra ..."
China Consulategeneral to Chile in Iquique,instagram.com,"Iquique,Chile on Instagram ‚Ä¢ Photos and Videos",https://www.instagram.com/explore/locations/333764005/iquiquechile/?locale=Online%2Bentertainment%2C%2Breal%2Bperson%2C%2Belectronic%2Bchess%2Band%2Bcards%2C%2Blottery%2C%2Bsports%2C%2Bcomprehensive%2Breputation%2B(Telegram%3A%2B%40UUjd888888).wkjo&hl=en,... Iquique Chinese Consulate General in Chile https://e-mailer.link/100210549731 Chile Chinese Embassy in Santiago blocked my email. ‚Äî‚Äî‚Äî‚Äî‚Äî- Link in my bio ...
China Consulategeneral to Chile in Iquique,instagram.com,Feline Guardians Chileüá®üá±üêàüíôü§ç‚ù§Ô∏è,https://www.instagram.com/guardianesfelinos_chile/p/C83iWSPOeU2/,[ CTA : New 1-Click email to Chile ] Yosee created the new 1-Click email to the Iquique Chinese Consulate General in Chile https://e-mailer.link/ ...
China Consulategeneral to Chile in Iquique,instagram.com,July 22,https://www.instagram.com/guardianesfelinos_chile/p/C9vkuBlp8Fb/,... Iquique Chinese Consulate General in Chile ... Yosee cre√≥ el nuevo email 1-Click al Consulado General de China en Iquique en Chile
China Consulategeneral to Chile in Iquique,instagram.com,Feline Guardians Chileüá®üá±üêàüíôü§ç‚ù§Ô∏è | Reposted ...,https://www.instagram.com/guardianesfelinos_chile/reel/C-L0mrug5_i/,"143 likes, 15 comments - guardianesfelinos_chile on August 2, 2024: ""Reposted: @guardianes_felinos_spain ¬°Noticias!"
China Consulategeneral to Chile in Iquique,instagram.com,Instagram ÏÇ¨ÏßÑ Î∞è ÎèôÏòÅÏÉÅ,https://www.instagram.com/guardianesfelinos_chile/?locale=ko&hl=en,... Iquique Chinese Consulate General in Chile https://e-mailer.link ... General de China en Iquique en Chile https://e-mailer.link ...
China Consulategeneral to Chile in Iquique,instagram.com,Temuco. Chile,https://www.instagram.com/explore/locations/839496893/temuco-chile/recent/?locale=zh-hans&hl=ar,... Iquique Chinese Consulate General in Chile https://e-mailer.link ... General de China en Iquique en Chile https://e-mailer.link/100210549731 ...
China Consulategeneral to Chile in Iquique,instagram.com,Yosee Takahashi | „ÄêÈÄÅ„Å£„Å¶„Åè„Å†„Åï„ÅÑ„Äë Êñ∞„Éª3Áßí„É°„Éº„É´ËøΩÂä†‚ÄºÔ∏è ...,https://www.instagram.com/yosee.takahashi/p/C6MpvrDSoVH/,Êñ∞„Åó„Åè„ÉÅ„É™ „Ç§„Ç≠„Ç±‰∏≠ÂõΩÈ†ò‰∫ãÈ§®ÂÆõ 3Áßí„É°„Éº„É´„ÇíYosee„Åå‰ΩúÊàê„Åó„Åæ„Åó„Åü„ÄÇ „Ç§„Ç±„Ç≠„ÉÅ„É™‰∏≠ÂõΩÈ†ò‰∫ãÈ§®„ÅÆ„É°„Éº„É´„Ç¢„Éâ„É¨„Çπ„ÇíË™ø„Åπ„Å¶È†Ç„ÅÑ„Åü @aya.u.s.a.k Êßò„ÅÇ„Çä„Åå„Å®„ÅÜ„Åî„Åñ„ÅÑ„Åæ„Åó„Åü„ÄÇ
China Consulategeneral to Chile in Iquique,instagram.com,Feline Guardians Chileüá®üá±üêàüíôü§ç‚ù§Ô∏è (@guardianesfelinos_chile),https://www.instagram.com/guardianesfelinos_chile/?next=%2Fsecretmoonxo%2Ftagged%2F&locale=de&hl=am-et,El embajador de China en Islandia He Rulong tuite√≥ que la abrumadora mayor√≠a de los chinos condenan #catabuse. Es alentador ver al embajador He Rulong ...
China Consulategeneral to Chile in Iquique,tiktok.com,Primer Restaurante Humano China,https://www.tiktok.com/discover/primer-restaurante-humano-china,"El primer restaurante chino, cabr√≥n en Madrid, y que todav√≠a contin√∫a. ha ganado much√≠simos premios por su comida tradicional y por sus novedades de gastronom√≠a ..."
China Consulategeneral to Chile in Iquique,instagram.com,BBC News IndonesiaÔºà@bbcindonesiaÔºâ,https://www.instagram.com/bbcindonesia/?locale=zh-TW&hl=am-et,"Situasi ini, klaimnya, makin menguntungkan China mengingat militer China juga memiliki sistem radar di Kepulauan Spratly."
China Consulategeneral to Pakistan in Karachi,x.com,‰∏≠ÂõΩÈ©ªÂç°ÊãâÂ•áÊÄªÈ¢ÜÈ¶Ü(@ChinaCG_Karachi) ...,https://x.com/chinacg_karachi,"Official account of Consulate General of the People's Republic of China in Karachi, Pakistan. ‰∏≠ÂõΩÈ©ªÂç°ÊãâÂ•áÊÄªÈ¢ÜÈ¶ÜÂÆòÊñπË¥¶Âè∑„ÄÇ"
China Consulategeneral to Pakistan in Karachi,instagram.com,"Chinese Consulate, Karachi",https://www.instagram.com/explore/locations/769971179866951/chinese-consulate-karachi/,"Photo by Imtiaz Mir in Chinese Consulate, Karachi. Meeting with Consul General of Turkey H.E Mr. Cemal Sangu at Karachi, Pakistan."
China Consulategeneral to Pakistan in Karachi,instagram.com,Aik News | Federal Interior Minister Mohsin Naqvi met with ...,https://www.instagram.com/aiknewspakistan/p/C6dLZuhNKXw/,Federal Interior Minister Mohsin Naqvi met with Chinese Consul General Yang Yundong at the Consulate General in Karachi. They discussed mutual interests and ...
China Consulategeneral to Pakistan in Karachi,youtube.com,üá®üá≥ü§ùüáµüá∞ A warm welcome to the Chinese Consulate General ...,https://www.youtube.com/watch?v=-NC5J4oTHhg,A warm welcome to the Chinese Consulate General in Karachi at Dongjin Battery Factory! Their visit highlights our commitment to quality ...
China Consulategeneral to Pakistan in Karachi,facebook.com,Pakistan Consulate General Guangzhou,https://www.facebook.com/PakinGuangzhou/,"Mr. Sardar Muhammad, the Acting Consul General, attended and addressed the Symposium on Economic and Trade Cooperation among China (Guangxi) and BRI Partner ..."
China Consulategeneral to Pakistan in Karachi,instagram.com,Pakistan Economic Net | Consulate General of China in Karachi ...,https://www.instagram.com/p/C4cypHyKN7Q/,Consul General H.E. Yang Yundong extended holiday greetings to female friends and introduced the positive achievements of Chinese women's career in the new era ...
China Consulategeneral to Pakistan in Karachi,x.com,Pakistan Embassy China (@PakinChina_) / ...,https://x.com/pakinchina_,Official twitter account of the Embassy of Pakistan in China.
China Consulategeneral to Pakistan in Karachi,instagram.com,The Chinese Consulate General in Karachi has launched ...,https://www.instagram.com/thedailycpec/p/C8g7HwQCrIC/,"The Chinese Consulate General in Karachi has launched the 'Light Up Gwadar' project in Gwadar, improving nighttime lighting in key public facilities like ..."
China Consulategeneral to Pakistan in Karachi,facebook.com,"Marina Enclave, Gwadar's post - Facebook",https://www.facebook.com/story.php/?story_fbid=887945263348445&id=100063989379123,"The Chinese Consulate General in Karachi has recently implemented the ""Light Up Gwadar"" livelihood project in Gwadar, significantly enhancing the nighttime ..."
China Consulategeneral to Russia in Khabarovsk,instagram.com,Instagram,https://www.instagram.com/p/C-EznsaxwwE/,"We also had a meeting with Ms. Liu Yang, Deputy Consul General of the Chinese Consulate-General in Khabarovsk. It was enlightening to learn about the ..."
China Consulategeneral to Russia in Khabarovsk,facebook.com,Dr. Johnny Hon Èüì‰∏ñÁÅùadded a new photo.,https://www.facebook.com/photo/?fbid=735260008625105&set=pcb.735260095291763,"Khabarovsk is the administrative centre of Khabarovsk Krai in Russia ... Liu Yang, Deputy Consul General of the Chinese Consulate-General in Khabarovsk."
China Consulategeneral to Russia in Khabarovsk,facebook.com,On the last day of our visit across... - Dr. Johnny Hon Èüì‰∏ñÁÅù,https://www.facebook.com/story.php/?story_fbid=877520427732395&id=100064233361707,"... China and Russia: Khabarovsk, Vladivostok, and Ussuriysk. The meetings underscored the vast potential for business and trade between the Russian Far East ..."
China Consulategeneral to Russia in Khabarovsk,facebook.com,It was an honour to be invited to... - Dr. Johnny Hon Èüì‰∏ñÁÅù,https://www.facebook.com/story.php/?story_fbid=871867094964395&id=100064233361707,"Khabarovsk is the administrative centre of Khabarovsk Krai in Russia ... Liu Yang, Deputy Consul General of the Chinese Consulate-General in Khabarovsk."
China Consulategeneral to Russia in Khabarovsk,facebook.com,In response to... - Russian Consulate General in Hong Kong,https://www.facebook.com/ruconhk/posts/2583512598605003/,Flights to other Russian cities are suspended. Passengers arriving from China will be allowed entry only at Moscow Sheremetyevo airport. 5.
China Consulategeneral to Russia in Khabarovsk,facebook.com,Dr. Johnny Hon Èüì‰∏ñÁÅù,https://www.facebook.com/story.php/?story_fbid=867373595413745&id=100064233361707,"Khabarovsk is the administrative centre of Khabarovsk Krai in Russia ... Liu Yang, Deputy Consul General of the Chinese Consulate-General in Khabarovsk."
China Consulategeneral to India in Kolkata,facebook.com,Consulate General of the People's Republic of China in Kolkata ...,https://www.facebook.com/p/Consulate-General-of-the-Peoples-Republic-of-China-in-Kolkata-%E4%B8%AD%E5%9B%BD%E9%A9%BB%E5%8A%A0%E5%B0%94%E5%90%84%E7%AD%94%E6%80%BB%E9%A2%86%E9%A6%86-100087493236662/?locale=fo_FO,"On July 16, 2024, Consul General Xu Wei visited the Chinese community at Tiretta Bazar in the old Chinatown of Kolkata, met with the President of All Indian ..."
China Consulategeneral to India in Kolkata,facebook.com,Consulate General of the People's Republic of China in Kolkata ...,https://www.facebook.com/people/Consulate-General-of-the-Peoples-Republic-of-China-in-Kolkata-%E4%B8%AD%E5%9B%BD%E9%A9%BB%E5%8A%A0%E5%B0%94%E5%90%84%E7%AD%94%E6%80%BB%E9%A2%86%E9%A6%86/100087493236662/?locale=ps_AF,"Now, it is currently benefiting travelers from 54 countries across the globe. From 2023, China has enhanced foreign travel measures through unilateral visa-free ..."
China Consulategeneral to India in Kolkata,facebook.com,Consulate General of the People's Republic of China in ...,https://www.facebook.com/p/Consulate-General-of-the-Peoples-Republic-of-China-in-Kolkata-%E4%B8%AD%E5%9B%BD%E9%A9%BB%E5%8A%A0%E5%B0%94%E5%90%84%E7%AD%94%E6%80%BB%E9%A2%86%E9%A6%86-100087493236662/,"Chinese Consul General in Kolkata Mr. Xu Wei, West Bengal Government representative Mr. P. Mohangandhi (IAS), MP Mr. Md. Nadimul Haque, Additional Chief ..."
China Consulategeneral to India in Kolkata,facebook.com,Consulate General of the People's Republic of China in ...,https://www.facebook.com/story.php/?story_fbid=444966078429830&id=100087493236662,"Exclusive Interview Today, we're thrilled to welcome H.E. Mr. Xu Wei, the new Chinese #Consul #General in #Kolkata (Consulate General of the People's Republic ..."
China Consulategeneral to India in Kolkata,instagram.com,India Blooms | Chinese consulate general in Kolkata Zha ...,https://www.instagram.com/indiablooms/reel/C2ss6MbSqAQ/,Chinese consulate general in Kolkata Zha Liyou says India and China trade relationship is witnessing a steady progress. He said stability in relationship ...
China Consulategeneral to India in Kolkata,facebook.com,Consulate General of the People's Republic of China in ...,https://www.facebook.com/story.php/?story_fbid=417919941134444&id=100087493236662,"Click on the video to explore the recent wonderful work of the Consulate General in Kolkata and learn about the. Consul General, Mr. Xu Wei's impression of ..."
China Consulategeneral to India in Kolkata,facebook.com,Consulate General of the People's Republic of China in ...,https://www.facebook.com/permalink.php/?story_fbid=451084551151316&id=100087493236662&locale=eo_EO,Consulate General of the People's Republic of China in Kolkata ‰∏≠ÂõΩÈ©ªÂä†Â∞îÂêÑÁ≠îÊÄªÈ¢ÜÈ¶Ü ... See what a young Chinese diplomat in India looks like and thinks of while ...
China Consulategeneral to Pakistan in Lahore,instagram.com,"Chinese Consulate, Lahore",https://www.instagram.com/explore/locations/1034461120/chinese-consulate-lahore/,"Consulate General of the People's Republic of China in Lahore has donated 10,000 Face Masks to Punjab Police (SPU), His Excellency Consul General to Lahore *Mr."
China Consulategeneral to Pakistan in Lahore,facebook.com,Pakistan Embassy China,https://www.facebook.com/PakinChina.Official/,"Pakistan Embassy China. 19966 likes ¬∑ 137 talking about this. This is an official page of the Embassy of Pakistan, Beijing (China)."
China Consulategeneral to Pakistan in Lahore,facebook.com,Pakistan Consulate General Guangzhou,https://www.facebook.com/PakinGuangzhou/,"With over a decade of experience in managing high-profile clients with complex travel requirements, FCM Pakistan is dedicated to transforming corporate travel ..."
China Consulategeneral to Pakistan in Lahore,facebook.com,"Minister of ICI&SDD, Chaudhary Shafay Hussain, visited the ...",https://www.facebook.com/investinpunjab/videos/minister-of-icisdd-chaudhary-shafay-hussain-visited-the-consulate-general-of-chi/856957826269820/,"Minister of ICI&SDD, Chaudhary Shafay Hussain, visited the Consulate General of China and met with His Excellency Zhao Shiren, the Consul ..."
China Consulategeneral to Pakistan in Lahore,facebook.com,ùêÇùê°ùê¢ùêßùêûùê¨ùêû ùêÇùê®ùêßùê¨ùêÆùê• ùêÜùêûùêßùêûùê´ùêöùê• ùêíùêúùê°ùê®ùê•ùêöùê´ùê¨ùê°ùê¢ùê© ...,https://www.facebook.com/photo.php?fbid=927304432773872&id=100064829704881&set=a.475184687985851&locale=fr_FR,"The department would also like to thank the Chinese Consul General, His Excellency Zhao Shiren for this initiative as without his unwavering support and ..."
